Stkcd,year,MA,Experience,Inside_Own,Insiders,Pay_Gap,Director_Pay,IO,Compensation,Female_Board,Gender_Diverse,Board_Size,Independence,Balance,Largest_Own,post2013,Tangibility,Leverage,Liquidity,Size,Asset_Growth,SA,Mean_Age,FCF,Adj_ROA,EBIT,ChairmanHoldsharesRatio,Growth,Productivity,Net_Loss,Ind_Leverage,CAPEX,R&D,StrategyKW,CompetitionKW
26,2025,0.0,1.0,0.2037781417602054,7.6923076923076925,12.923424514786936,15.174921784050376,42.2693,14.64572038891256,0.0,9.523809523809524,13.0,46.15384615384615,0.7080405213588801,40.1566,1.0,2.253252521121364,15.366642784948384,12.948957744820165,22.11148103133932,-4.68,-4.634736,49.38095238095238,151535989.621242,0.0591072043010752,7.715725241521451,0.0,-13.77,60369.91369589041,0.0,2.1344171363636346,2.166302046994181,56000000.18,6.0,5.0
50,2025,0.0,1.0,0.0015498337756891,16.666666666666664,13.508764585290267,15.087964102660406,66.7705,14.64855010717611,25.0,29.166666666666668,12.0,33.33333333333333,9.171489310699394,15.8523,1.0,4.635400295225365,64.08808262780016,7.666776837439923,25.120614064285657,-0.9,-4.476231,47.57142857142857,7726308398.891975,-0.0398793444055943,1.1551325591132555,0.0,3.79,-30620.04022187777,1.0,1.157242250460406,3.710173501808343,3347033683.76,53.0,2.0
62,2025,0.0,1.0,0.124971345707304,23.07692307692308,13.92798428606276,15.495090015240743,72.7447,14.78591061548546,7.6923076923076925,15.0,13.0,38.46153846153847,3.00006631857915,39.2047,1.0,1.4989592539508794,55.39723887169004,18.290822241936624,23.58827726046232,-1.11,-4.295729,51.55,33637646.245492,0.0223311170212765,2.991725818920062,0.06,6.6,130763.70756834531,0.0,1.4445624204545455,0.4242191397856436,126694064.04,42.0,3.0
63,2025,0.0,1.0,0.0169017542034331,8.333333333333332,14.361220583583766,17.07840326824925,53.2687,16.0978929436408,16.666666666666664,28.57142857142857,12.0,41.66666666666667,3.928199895472986,20.0905,1.0,13.803184042617897,64.73608770228016,21.167598054496835,26.057544909926605,3.17,-3.658081,52.71428571428572,24961543300.05347,0.0089336555944056,7.39087158951149,0.0,-2.38,122202.7495429616,0.0,1.157242250460406,1.936459315244124,25508900000.0,51.0,30.0
68,2025,0.0,1.0,0.0,0.0,12.359651733458474,13.96737290727352,44.6434,13.573566377186348,22.22222222222222,37.5,9.0,33.33333333333333,2.8567457424830134,26.4767,1.0,3.2309805567000063,73.71718747260509,3.502674954477705,22.12602422810784,-4.23,-4.235069,46.61904761904762,-104110067.801873,0.0090761170212765,2.473551579074114,0.0,9.62,27041.071603498545,0.0,1.4445624204545455,0.0496681582231784,14592601.27,30.0,2.0
99,2025,0.0,0.0,0.0,0.0,13.639171072847867,15.759991114209994,41.2032,14.74767463899472,13.333333333333334,13.636363636363637,15.0,33.33333333333333,0.9021968918784584,30.179,1.0,1.8884301820823928,23.143242449191128,20.759076662396826,22.679391909638586,12.26,-4.15424,51.19230769230769,149690339.657121,0.0091698571428571,18.725814104255164,0.0,9.83,262845.1731459656,0.0,1.737657090909091,2.333799258485204,3384158.95,29.0,7.0
156,2025,0.0,1.0,0.0,0.0,12.828368085118168,14.51414266875479,60.4867,13.848268122202446,25.0,28.000000000000004,12.0,33.33333333333333,3.069794738435631,24.1107,1.0,4.088815382306583,47.20037297023553,21.794313732066943,24.091763820261416,-0.84,-4.232739,51.58620689655172,-634397589.977436,0.0123390625,4.400113986889184,0.0,-3.22,46955.213837420924,0.0,0.95151925,4.256467872081528,644725768.59,40.0,1.0
423,2025,0.0,1.0,0.0001397689586692,0.0,14.18471117158831,15.352764799435104,70.4806,14.84666451142786,21.428571428571427,26.666666666666668,14.0,28.57142857142857,4.217672863117854,23.5027,1.0,4.00251171798403,21.053072617600645,38.31939151826936,23.29489565561017,-1.65,-4.362381,51.266666666666666,1776776712.951099,0.084922290102389,29.35893331529207,0.0,25.57,380261.79696703295,0.0,0.8489369783393497,0.7442372026965807,209941773.61,23.0,4.0
429,2025,0.0,1.0,0.0,0.0,10.174786145737386,14.56867040843039,71.4204,13.41159424984596,23.07692307692308,23.809523809523807,13.0,38.46153846153847,3.259796624760127,22.3036,1.0,1.5265330972139832,41.19914652763637,19.11545704120071,23.83418507327065,5.02,-4.307688,51.56,1781887232.900915,0.0630028214285714,63.46156065594957,0.0,-6.34,702375.6787074148,0.0,1.3395977037037037,9.075088793772156,7492700.07,16.0,0.0
534,2025,0.0,1.0,0.3612465158793868,50.0,11.803104417620595,14.282321596310846,49.2416,13.352363369515023,16.666666666666664,20.0,6.0,50.0,3.1410016458153303,23.0281,1.0,12.581419574080757,60.97491653956566,9.592478120040605,22.102102794678743,27.24,-4.434511,51.16666666666666,-437001544.346978,0.012938290102389,24.36194419836042,0.07,9.93,133578.152226199,0.0,0.8489369783393497,14.779537067520373,208724070.29,35.0,5.0
708,2025,0.0,1.0,0.0,0.0,13.001776414415213,14.800095250477415,89.6146,14.671966356136243,8.333333333333332,9.523809523809524,12.0,41.66666666666667,0.576101337874191,75.0519,1.0,7.884681801490529,60.53040454025969,7.954994869212569,25.433186766828268,-4.69,-3.9985,56.523809523809526,7061439441.371655,0.0344402999999999,6.16867981137098,0.0,-4.22,173076.106749677,0.0,3.095015235294118,0.4974833964134802,4602340893.54,73.0,7.0
713,2025,0.0,1.0,0.0,0.0,12.54618112016033,14.412532226426835,36.1269,13.792446618365725,22.22222222222222,25.0,9.0,33.33333333333333,1.9550950000000005,20.0,1.0,18.385965082170173,35.7738075959324,9.15766863670832,21.906762117530736,10.59,-4.748113,49.5925925925926,-16777145.242829,-0.0170292857142857,2.2432369775688383,0.0,-6.03,41584.83421629021,0.0,0.9304236666666666,4.3445564180500185,134720069.98,31.0,11.0
739,2025,0.0,1.0,0.0410658603942086,28.57142857142857,12.83494793606998,15.265554066248065,67.7189,14.311973530894427,14.285714285714285,6.666666666666667,7.0,42.85714285714285,3.4753586318988057,28.302,1.0,3.928378882475393,46.97243605969125,28.76593861219781,23.26714936825525,-0.3,-4.204518,55.0625,672010838.716993,0.046921290102389,9.05119924171607,0.02,4.77,146012.28361189802,0.0,0.8489369783393497,3.619649745481699,641471760.73,13.0,3.0
795,2025,0.0,1.0,0.0,0.0,12.834681304952548,13.928839243271277,53.484,13.928839243271277,10.0,11.11111111111111,10.0,50.0,1.2859125993965903,39.4757,1.0,5.750875597269515,34.55615756701668,18.056956639024527,22.14067960961516,-1.45,-4.235387,50.5,107174322.30898,0.0512245961538461,5.859839670177774,0.0,4.16,47205.191233791,0.0,1.754104821052631,4.717547587521255,194880481.61,48.0,3.0
815,2025,0.0,1.0,0.0,0.0,12.42229228177156,12.76540267835578,34.4839,13.032876210902792,0.0,8.333333333333332,7.0,42.85714285714285,2.760426556191682,20.8554,1.0,0.9592034339468332,46.13762679573631,12.765365793011505,21.64318178375716,-10.06,-4.174279,49.95,-418784378.950111,-0.248459487804878,-57.588456280754805,0.0,-15.71,-552677.6441414142,1.0,1.1787310555555552,1.7650047515756158,14305553.27,45.0,0.0
823,2025,0.0,1.0,0.0056470862717526,11.11111111111111,13.359883094663044,15.116573774721504,36.0428,14.283449557327792,0.0,7.6923076923076925,9.0,33.33333333333333,0.8200407176065703,30.3063,1.0,1.886686778727544,36.56726970759178,21.085528449806645,22.85348679029575,-0.35,-4.228533,50.88235294117647,263889337.550665,-0.0006833444055943,4.793742390697849,0.0,5.48,33593.29910770031,0.0,1.157242250460406,3.5450863382607563,285455495.81,21.0,3.0
915,2025,0.0,1.0,0.0015368571705839,0.0,15.438705901475675,15.777757953058517,40.2253,15.647051480537336,27.27272727272727,31.818181818181817,11.0,36.36363636363637,2.911444197433205,21.9963,1.0,4.860038330485231,10.515238710422889,42.968258000589074,22.318794784996008,-5.14,-4.397769,52.40909090909091,1036283079.589185,0.169962290102389,53.94442710841625,0.0,-14.08,571936.1567993178,0.0,0.8489369783393497,0.8850636437547132,97138886.51,18.0,5.0
970,2025,0.0,1.0,0.1904469560826429,36.36363636363637,13.424447490791144,14.97157381026806,38.2022,14.498607402670718,9.090909090909092,13.636363636363637,11.0,27.27272727272727,1.6957705945834831,23.3508,1.0,0.6013483052275409,26.2287540825967,23.74488108018368,23.060909258859947,-7.68,-4.138331,58.22727272727273,757826925.718637,-0.0291523444055943,0.5370738223898293,0.03,-19.23,4242.830199630314,0.0,1.157242250460406,2.075617397711821,134597362.52,12.0,10.0
975,2025,0.0,1.0,11.970222498653358,30.0,15.144315778291178,16.015841416919564,50.9966,15.490267936519016,10.0,12.5,10.0,30.0,1.0574622732936454,28.892,1.0,68.09739086714048,18.567429686244736,15.780373733237232,23.62408771656001,11.6,-4.091969,51.1875,2307399136.48452,0.0684213333333333,23.54109410774292,0.0,67.6,1340377.7032984004,0.0,1.1717570384615386,3.781199622049952,119570040.03,83.0,5.0
999,2025,0.0,1.0,0.1046623135197835,16.666666666666664,13.978189058063316,15.899043717547364,84.2139,14.881255243006766,16.666666666666664,25.0,18.0,44.44444444444444,0.6476125927360344,63.0014,1.0,10.698468944747832,36.98834686689687,12.51643238521558,24.41419250211232,-0.17,-3.98095,52.90625,5084862133.314427,0.060187290102389,16.545908552373266,0.02,11.63,188594.7423783136,0.0,0.8489369783393497,1.971139439439696,952976326.13,158.0,7.0
1207,2025,0.0,1.0,52.28295229926757,42.85714285714285,13.354241999990672,15.117662150971736,50.9431,14.152125641525236,0.0,7.142857142857142,7.0,57.14285714285714,0.5996629429498219,48.8938,1.0,7.411315110145833,31.769003091251985,26.74415159553879,21.742070174178583,17.69,-4.06017,51.5,448111233.169644,0.0685133866279069,13.009210625841622,42.8,18.21,338270.97028360044,0.0,1.266635704049844,2.04733569903272,80221137.76,17.0,1.0
1301,2025,0.0,1.0,38.28979491020437,57.14285714285714,13.217471516597804,14.893954152341855,41.2427,14.1474726391076,14.285714285714285,9.090909090909092,7.0,28.57142857142857,3.675247373155467,10.4498,1.0,3.2506517256962986,32.37700314656857,7.398162017799965,22.949494184390726,24.9,-3.784271,49.54545454545455,-170009246.130724,0.0817195961538461,20.75409989649424,36.53,19.1,210899.9043018868,0.0,1.754104821052631,9.365296198164264,175328078.54,21.0,17.0
1979,2025,0.0,1.0,0.0073879633408094,25.0,13.862072050011736,15.558342353568904,78.845,14.65858522750717,16.666666666666664,13.043478260869565,12.0,41.66666666666667,0.6551300937571911,50.8441,1.0,0.2738862724069356,66.6695521946586,11.66457916534518,27.48055725012596,-5.31,-3.841599,52.69565217391305,12750882277.78277,0.0248639659090909,6.165103100301357,0.0,2.25,84622.56368255186,0.0,3.4054799130434774,0.6628520567775685,213340000.0,81.0,5.0
2014,2025,0.0,1.0,1.6180968499123087,28.57142857142857,13.662747803411865,15.50800202553366,73.2123,14.504147583046333,14.285714285714285,13.043478260869565,14.0,35.714285714285715,3.7787535470691167,33.0907,1.0,2.480029219332636,38.88952340072714,25.775415515995714,22.1852290587894,10.53,-4.436238,53.91304347826087,310934472.731524,0.0717651016949152,14.893964092260113,0.39,4.34,199181.5337531699,0.0,1.1531525495495494,3.52349498439268,149142478.28,12.0,4.0
2056,2025,0.0,1.0,0.1355757634745449,14.285714285714285,13.111649040487125,14.71416671062662,67.2537,14.20504951552218,14.285714285714285,11.76470588235294,7.0,42.85714285714285,0.5429180774377432,50.5929,1.0,3.0861340862339914,57.58265607785293,37.06914387009005,23.91009553927569,14.23,-4.057981,52.1764705882353,919735484.79072,0.0470970063291139,10.540572740171031,0.13,-5.89,97081.06543624874,0.0,0.926965465986395,4.6652965210501165,721897500.0,25.0,16.0
2080,2025,0.0,1.0,0.0,0.0,13.79464436528289,15.069815194621214,66.3006,14.619125191550191,28.57142857142857,29.411764705882355,7.0,42.85714285714285,0.1840420728306196,60.2384,1.0,5.951886663260229,55.337556238370965,4.581463828685652,24.815352804253923,5.38,-3.824033,50.92857142857143,1800900653.031027,0.0100155961538461,6.662659930725567,0.0,-7.36,56342.39519669256,0.0,1.754104821052631,7.6201762207474015,1312304957.58,60.0,11.0
2092,2025,0.0,1.0,0.0225709099531207,44.44444444444444,12.309781798438769,14.534520398049947,34.21,13.526627764935974,11.11111111111111,32.0,9.0,33.33333333333333,1.3075402951892798,25.9088,1.0,3.805462186869765,63.58841100694993,6.191440861889317,25.067390125496058,6.2,-3.768629,49.84,5762777948.262123,-0.047188613372093,-0.3290348221282337,0.0,-18.84,-47505.05308577987,1.0,1.266635704049844,3.814808292090029,1374522381.88,31.0,4.0
2138,2025,0.0,1.0,8.223865475483642,44.44444444444444,13.242366169799023,15.63844564466078,42.0898,14.50865773852422,22.22222222222222,22.22222222222222,9.0,55.55555555555556,9.512450242612664,6.8834,1.0,5.197909805898036,45.278568756092994,2.3789705706165605,23.26534619578465,1.1,-3.884655,54.31578947368421,565728193.229682,0.0434216555944056,19.8687527065078,6.64,16.99,114714.20432279092,0.0,1.157242250460406,6.445058556229377,504750865.69,28.0,8.0
2145,2025,0.0,1.0,2.007188670755166,22.22222222222222,13.421479827481772,15.011975246799889,10.8567,14.153481670709224,33.33333333333333,29.411764705882355,9.0,33.33333333333333,0.9207853595677952,33.4471,1.0,5.499436673754161,37.81390314615412,38.74433797215467,23.69225765194492,5.05,-4.004507,45.91304347826087,1020394220.84596,-0.001507613372093,8.194007685448703,0.01,38.98,125195.26148427116,0.0,1.266635704049844,3.295848664711248,181141912.95,38.0,16.0
2148,2025,0.0,1.0,25.28270856440777,60.0,11.911365958141428,14.069144516276484,4.6519,13.486728674627068,20.0,30.0,5.0,40.0,4.179869158878505,5.35,1.0,0.8806711503944545,10.88729772969371,3.457014491354835,21.05238230825183,2.34,-4.001565,55.6,76283400.49937,0.0111522814814814,10.77329502004183,21.32,6.15,134009.5956521739,0.0,1.0434147799227795,0.7017009316991936,23238186.21,25.0,6.0
2162,2025,0.0,1.0,0.1273051411605234,27.27272727272727,13.74995225776949,15.317608218577709,54.7006,14.467835744003963,18.181818181818183,21.052631578947366,11.0,36.36363636363637,1.803334090878708,37.4015,1.0,2.745855117398088,58.99858320201685,11.352654196025687,21.444963800935565,-12.76,-3.999939,53.63157894736842,44737528.40041,-0.0816664038461538,-7.610534043127008,0.0,-5.79,-186830.60445828145,1.0,1.754104821052631,1.536633657732977,28272245.3,26.0,5.0
2171,2025,0.0,1.0,0.8127887362259216,14.285714285714285,13.597205283290313,15.452330147139593,57.1945,14.46898092137132,14.285714285714285,8.333333333333332,7.0,42.85714285714285,2.1221705674285425,26.2641,1.0,3.717388107372266,57.13160741915759,15.604996742258043,23.67071352762973,13.92,-3.966908,54.41666666666666,210609259.892156,-0.0213835243902439,0.906981438635262,0.0,16.06,37081.02867002064,0.0,1.42488415,4.036917897766068,1149231681.3,60.0,4.0
2188,2025,0.0,1.0,0.0,0.0,11.719397481996468,14.583440482967903,40.9535,13.549589977294008,22.22222222222222,33.33333333333333,9.0,33.33333333333333,1.991840538949572,18.3468,1.0,0.3563759517394962,39.50704279156659,67.04069400126913,20.02908601183256,55.02,-3.639239,47.25,-167353753.815959,0.0337519659090909,4.256777659535407,0.0,6.8,4273.260733830845,0.0,3.4054799130434774,1.8142644753378936,1250719.81,21.0,1.0
2190,2025,0.0,1.0,0.0,0.0,10.950104546085855,14.420809647951025,52.4112,13.398023474628785,11.11111111111111,6.666666666666667,9.0,33.33333333333333,0.2441060561058407,50.1659,1.0,3.309469609846173,39.823927348319046,2.70809653582342,22.314135343489088,-8.19,-4.117742,49.8,113692008.105681,-0.0429574540816326,1.1996371875571066,0.0,13.76,-6627.235925465839,1.0,1.115356340206186,2.186552979434,102559914.15,21.0,3.0
2233,2025,0.0,1.0,0.088320275393314,44.44444444444444,12.170341835574376,14.83211710235152,18.2822,13.723175946761478,0.0,6.666666666666667,9.0,33.33333333333333,6.073800204732943,16.607,1.0,9.143528703099136,11.035398825151576,11.614364766827642,23.32590058211272,0.11,-3.799914,49.13333333333333,959155613.091241,0.0321955961538461,15.672417793711894,0.02,-22.71,310119.0866292765,0.0,1.754104821052631,3.870149347240553,16631820.99,29.0,12.0
2245,2025,0.0,1.0,0.5227166823259793,16.666666666666664,12.42319812451882,14.573039997453488,28.2772,13.774167594429892,16.666666666666664,33.33333333333333,6.0,50.0,1.4379898462906209,12.8229,1.0,2.3218653045517503,35.87698308798738,6.769116914145933,23.149732550140133,2.8,-3.81283,50.3,-73248305.028928,0.0196140063291139,9.703981739556689,0.4,29.38,181010.32241425244,0.0,0.926965465986395,6.606474291980629,415625391.07,12.0,4.0
2255,2025,0.0,1.0,15.31706007131753,55.55555555555556,13.382967852592328,14.61121432684931,8.8607,14.137594057133388,22.22222222222222,25.0,9.0,33.33333333333333,9.338246621385055,2.8562,1.0,2.854530423422898,41.188574228995854,25.177743610467186,22.65828889791184,7.61,-4.114754,52.625,32639716.121466,0.022936321888412,15.172015635885094,11.58,-0.23,279701.5681858407,0.0,1.3317051889400924,0.697499928754104,117394089.69,34.0,6.0
2271,2025,0.0,1.0,25.92151681226925,75.0,12.619836556453032,15.432916640047551,28.1045,14.334304351379442,33.33333333333333,55.55555555555556,12.0,33.33333333333333,4.079297353189365,8.4139,1.0,6.040351684242155,43.38865998802216,16.23440153990882,24.523584889858448,-12.62,-4.001348,52.11111111111112,5765819192.334447,-0.0070764038461538,2.5046899654616057,21.79,-14.52,6904.1906345432935,0.0,1.754104821052631,2.624684357501712,585953332.86,53.0,19.0
2282,2025,0.0,1.0,5.525056444634424,11.11111111111111,12.701733868776392,14.883904160048385,35.7262,13.9108207377686,11.11111111111111,12.5,9.0,33.33333333333333,2.0112109227626944,30.7468,1.0,4.246117165974745,10.714377744025928,15.56043103628909,22.106100474047164,1.77,-4.194608,48.19047619047619,79394751.759456,0.0393375961538461,12.77787269753216,5.52,4.65,110835.80900578036,0.0,1.754104821052631,1.0368722108232231,59010092.65,59.0,2.0
2313,2025,0.0,1.0,0.0013625342834365,0.0,12.760819456354092,14.051767748423869,50.6429,13.932137369895994,12.5,13.333333333333334,8.0,37.5,3.194235087605473,27.7437,1.0,23.822319949573465,98.14324334725804,8.467067376927876,21.92181878959383,-9.26,-3.988723,49.46666666666667,40120509.633124,-0.0717233444055943,-1.1860024142563017,0.0,5.22,-66828.75284715285,1.0,1.157242250460406,1.324556101227271,287758382.56,46.0,0.0
2315,2025,0.0,1.0,48.15748039874058,44.44444444444444,12.354751237901535,15.36719223083741,18.4594,14.298060156378527,22.22222222222222,30.76923076923077,9.0,33.33333333333333,3.017517732938503,11.6168,1.0,5.947982112478612,39.92694926084728,36.91335688186814,22.16288569240779,7.97,-4.275833,51.35714285714285,812420581.937721,0.0961052777777777,26.723760141740883,46.42,9.31,182320.9734081796,0.0,0.6554352962962964,0.4814881177617888,138742218.84,21.0,9.0
2379,2025,0.0,1.0,0.0,0.0,12.680338013984365,14.170804548826077,32.9752,13.58848447938584,14.285714285714285,27.27272727272727,7.0,42.85714285714285,1.412712229558284,22.9763,1.0,10.709716430847598,37.32800398361072,15.62683500830095,21.863381263249725,4.87,-4.106247,46.45454545454545,-16210182.601321,-0.0585265243902439,-2.0901273011183785,0.0,29.73,-45622.87333333334,1.0,1.42488415,0.1402426498240568,52175807.49,18.0,20.0
2393,2025,0.0,1.0,0.1476626734128823,33.33333333333333,13.36287522287963,15.0105233409187,52.2753,14.232311175736184,33.33333333333333,29.411764705882355,9.0,33.33333333333333,0.1866639141205615,50.862,1.0,4.56289156699459,17.03456240099892,28.32937324440602,22.478622665982844,0.08,-4.077585,51.41176470588236,52066259.116248,-0.0019197098976109,12.89927514568163,0.02,15.88,115935.67632793018,0.0,0.8489369783393497,0.9290582312166686,127477849.03,39.0,9.0
2419,2025,0.0,1.0,0.0965433745713622,11.11111111111111,11.98238206962529,14.966620415590135,63.3553,14.253571921775428,11.11111111111111,21.052631578947366,9.0,33.33333333333333,1.42792612871376,44.564,1.0,4.265956169288968,85.49754116877747,8.420380360330482,24.066272014995523,-0.68,-4.636452,48.36363636363637,4878204507.352399,0.0068562043010752,1.3027420045906513,0.0,-2.49,6135.004121428572,0.0,2.1344171363636346,2.043022138039904,92235087.9,48.0,14.0
2455,2025,0.0,1.0,16.947755822423986,33.33333333333333,12.565450184167664,14.91018175739912,0.297,13.835313185260452,0.0,16.666666666666664,9.0,55.55555555555556,6.720963466635935,4.3385,1.0,2.7499100864192267,80.21638295138683,6.641926361857148,23.17948446230688,1.92,-4.010836,53.94444444444444,919752723.88912,-0.038043613372093,2.849447625396653,14.19,35.1,-27611.91948629058,1.0,1.266635704049844,8.25184443214273,138905961.44,18.0,10.0
2536,2025,0.0,1.0,7.043675054392599,22.22222222222222,13.857122640282949,14.504850500181265,34.9042,14.267413860178223,0.0,4.545454545454546,9.0,33.33333333333333,0.6941698994341627,32.3768,1.0,4.321495794840399,37.59617770548123,9.549251350686896,22.39505401985553,5.15,-4.077955,52.0,131414907.06824,0.0206915459183673,6.433982957678371,0.0,15.34,60049.738786710725,0.0,1.115356340206186,5.268549480267692,271886422.02,37.0,4.0
2595,2025,0.0,1.0,0.7991279089081333,66.66666666666666,12.59364530079675,14.747635268140955,19.0758,13.686085010523817,0.0,7.6923076923076925,9.0,33.33333333333333,3.568763488553762,30.2108,1.0,0.9092433204582197,15.34426135071325,10.709480447395828,23.181001152817224,17.8,-4.290733,49.06666666666667,1004132071.880757,0.1415873074712643,25.90398849117483,0.41,22.99,136026.39910091867,0.0,1.1709310868263465,3.186789307856335,467033883.09,12.0,9.0
2611,2025,0.0,1.0,23.566021339189543,50.0,13.866441286632815,15.830160213078896,8.9834,14.624572363120576,25.0,25.0,8.0,50.0,6.240814837183553,7.9476,1.0,7.043534431576044,30.60648959563429,22.966496643835725,22.74197188307496,-0.13,-4.272488,50.5,36561163.263059,0.0408963074712643,14.84870302381198,21.44,0.68,239096.17808764937,0.0,1.1709310868263465,4.757505260339061,105524488.7,56.0,9.0
2675,2025,0.0,1.0,13.13668670437173,40.0,13.881686131257608,15.513929572871108,30.44,14.660820729921326,0.0,23.07692307692308,5.0,40.0,3.5748874245645537,15.1454,1.0,4.59184738195761,37.791913524689534,8.755073224406058,22.87905225733904,6.83,-4.187475,53.46153846153846,-388684878.124234,-0.0176837098976109,10.329142000662882,12.53,-12.42,57280.27933576347,0.0,0.8489369783393497,5.282118902384587,431090434.57,37.0,4.0
2692,2025,0.0,1.0,0.0764751755391999,20.0,13.374899281601916,14.838644705456428,34.3566,14.12181809453922,20.0,27.77777777777778,10.0,30.0,4.703895688079978,18.1149,1.0,3.5041953494842577,63.41297754145124,13.823399446510916,21.87379362189882,16.29,-4.06671,46.388888888888886,5651466.3949,-0.006189993670886,2.6154321366854614,0.0,38.92,92022.87146788993,0.0,0.926965465986395,1.8683021542714668,180029149.76,18.0,1.0
2714,2025,0.0,1.0,40.31205090629561,62.5,14.353247174466931,15.89893167063694,28.3175,15.155289665342696,25.0,26.31578947368421,8.0,37.5,4.860631347177126,12.5351,1.0,0.720856247852143,58.68011914324892,9.033710706327104,25.95783756170986,-3.97,-3.569142,50.89473684210526,16908457935.61762,0.0552609444444444,15.855325547683968,38.19,24.43,141610.0096096287,0.0,3.1416967647058827,6.59782041638375,1747217657.28,32.0,8.0
2760,2025,0.0,1.0,0.0235467706613723,6.666666666666667,12.3092307376328,14.49460952279816,40.6065,13.77468856344402,6.666666666666667,22.727272727272727,15.0,33.33333333333333,1.435139093497803,23.2829,1.0,7.427467265127917,36.08650463784793,25.728205254019304,20.960041962282,-14.71,-4.150613,50.54545454545455,49974017.041881,-0.0754238571428571,-9.954428811546418,0.0,-14.87,-74545.89594362746,1.0,1.5522376263736264,1.7004148634679048,31528584.03,22.0,10.0
2766,2025,0.0,1.0,0.5801613070749666,50.0,12.956167106531868,15.02447090380125,46.158,14.421464526821842,0.0,15.384615384615383,6.0,33.33333333333333,8.738740343446738,15.1581,1.0,24.5735767000894,30.34636282864852,22.661638119307984,20.87031096430153,-9.6,-4.139269,45.333333333333336,-26450463.156523,0.0195266555944056,3.395702072561572,0.21,10.95,83508.48427762039,0.0,1.157242250460406,6.34149871364566,135703526.1,46.0,5.0
2838,2025,0.0,1.0,17.19050083083607,44.44444444444444,12.744110353434548,13.86886173346127,47.3926,13.462258321303043,11.11111111111111,16.666666666666664,9.0,33.33333333333333,0.5922558313160335,44.201,1.0,6.673222992176236,47.96198405495038,7.926620764692209,22.569788892372184,24.37,-4.036495,51.61111111111112,153759216.233416,-0.0134798983050847,3.9294703455654254,0.0,16.65,66584.83709154621,0.0,1.1531525495495494,3.70555896540231,261229902.54,41.0,19.0
2852,2025,0.0,1.0,22.542257242825578,37.5,11.22346403261837,14.20504951552218,24.3806,12.794414711723991,25.0,38.46153846153847,8.0,37.5,5.4036135984088745,11.9161,1.0,9.289121628410015,46.13406469969728,7.151850394400296,22.118568590380164,-15.59,-4.154901,51.69230769230769,15911762.273232,0.0176057846153846,5.647120927824489,21.69,-15.12,155736.42867826085,0.0,2.496959492063491,2.809462750483277,6407973.2,12.0,10.0
2865,2025,0.0,1.0,2.4937657924664287,36.36363636363637,13.234298234641283,15.516323645489503,58.7772,14.521080258522776,27.27272727272727,52.63157894736842,11.0,45.45454545454545,4.2452325666658535,20.4565,1.0,2.581078412632,76.3843690217935,21.480884907789267,23.524164416426714,-10.47,-3.942186,49.578947368421055,435819107.621052,-0.064322993670886,-5.582980911135445,2.31,-46.66,-186883.7448877648,1.0,0.926965465986395,2.69499452220009,198720390.46,45.0,15.0
2879,2025,0.0,1.0,38.12052484912306,44.44444444444444,12.017934203414654,14.93751379942296,12.1181,13.725038654800198,0.0,16.666666666666664,9.0,33.33333333333333,5.173477672530447,8.868,1.0,4.830725676532521,25.47819735035346,19.44762481315874,21.66672551748024,10.74,-4.215758,57.083333333333336,175746192.625542,0.0036450063291139,6.96590859752459,0.37,19.18,48239.67254833041,0.0,0.926965465986395,2.900507613872451,92848750.78,43.0,3.0
2916,2025,0.0,1.0,0.3439537003236825,22.22222222222222,13.15095083425624,15.586182574861844,82.3024,14.875867001177852,0.0,11.76470588235294,9.0,33.33333333333333,0.2394229461450795,63.9663,1.0,3.0104612456979285,42.116204225625744,6.139054387107716,23.95415907713073,11.92,-4.65212,48.85,-295565736.509287,0.0428826555944056,11.560129387522313,0.11,32.39,108533.92079838245,0.0,1.157242250460406,9.98512410392878,1272224103.81,17.0,11.0
2920,2025,0.0,1.0,0.0450527110927323,16.666666666666664,14.719344019236075,16.560843698512524,81.9782,15.463861443896972,0.0,5.263157894736842,12.0,25.0,4.936704925619368,28.3071,1.0,5.096705552181746,54.54362738961882,3.60891948483055,23.790542921979185,19.26,-4.593044,50.21052631578947,707490410.43082,0.0625686555944056,8.172718937326104,0.0,26.06,214597.1494310932,0.0,1.157242250460406,6.879101136966372,2191848579.05,36.0,9.0
2978,2025,0.0,1.0,33.910833938902826,14.285714285714285,13.582513060040675,15.098941283624926,43.5033,14.347197072397591,28.57142857142857,41.17647058823529,7.0,42.85714285714285,1.6249775911685616,42.394,1.0,8.458182739085608,13.73557187312833,40.22667512788245,22.973946761858084,33.09,-4.343058,44.76470588235294,-1228995007.753307,0.0244843333333333,53.18753646619374,33.92,0.06,459166.5675997843,0.0,1.1717570384615386,11.08536892466526,60175433.39,13.0,4.0
300033,2025,0.0,1.0,56.02928229800016,36.36363636363637,12.460050191230565,15.052231248750012,20.2434,14.082709271474654,9.090909090909092,6.666666666666667,11.0,45.45454545454545,3.923249814546219,9.0319,1.0,3.4448287616387345,27.350940541117858,83.81265879170435,23.119022603636058,11.49,-4.054809,53.73333333333333,968854639.321748,0.1649335833333333,42.01351466986306,36.13,17.47,357996.8965992539,0.0,1.2418496363636364,0.9445407690433204,1193243542.03,7.0,5.0
300059,2025,0.0,1.0,20.4813574122658,16.666666666666664,14.411551947574676,16.405535194002223,21.1392,15.42252553746562,33.33333333333333,36.36363636363637,6.0,33.33333333333333,7.480266413724845,4.8496,1.0,0.1525134026508796,73.65040315336829,33.05127655947423,26.448057261154013,500.41,-3.208194,47.45454545454545,4932838246.598157,0.0327997499999999,349.94205400708904,19.4,-19.99,1728438.9826690643,0.0,1.248019125,0.0766439266750217,1142623276.82,13.0,8.0
300159,2025,0.0,1.0,0.230730255278333,55.55555555555556,12.580391024641502,14.57318063453972,10.92,13.738305487055303,33.33333333333333,31.25,9.0,33.33333333333333,1.8386028938718697,8.5491,1.0,12.342933379474392,112.06597979673828,19.25521878315316,21.64053935686216,-15.66,-3.73411,49.375,-177465975.307287,-0.1667706925287356,-27.696309186527497,0.07,-44.16,-274311.33632258064,1.0,1.1709310868263465,1.637072491471596,45695482.61,20.0,13.0
300304,2025,0.0,0.0,3.423370368700445,55.55555555555556,12.800007041018526,14.622521994673267,44.874,13.77468856344402,44.44444444444444,46.15384615384615,9.0,33.33333333333333,0.4437407031820344,40.1347,1.0,1.0834280376165302,21.327143615613785,33.38534310204578,22.111607626608293,8.15,-3.834739,47.61538461538461,129358369.929689,0.0672395459183673,21.69451584035856,0.37,28.35,223183.8439742268,0.0,1.115356340206186,3.8824132168440433,146112849.94,49.0,12.0
300353,2025,0.0,1.0,15.35791681392178,22.22222222222222,12.997706772804774,14.522659258160031,10.3509,14.363920942057536,11.11111111111111,23.52941176470588,9.0,55.55555555555556,8.068904933814679,4.155,1.0,15.480486819713068,42.60691152921303,14.116181438424675,22.081771004021697,4.36,-4.113998,51.52941176470589,394165287.013164,-0.0204443444055943,6.590832339148316,14.27,-11.52,29906.082765657982,0.0,1.157242250460406,3.523962465244717,303012296.32,30.0,5.0
300388,2025,0.0,1.0,0.181785876424908,11.11111111111111,12.81746732421786,15.11182550546464,63.9778,14.236783396277952,22.22222222222222,23.52941176470588,9.0,33.33333333333333,9.052300061707554,17.1778,1.0,70.05893023883164,71.05470595430117,5.733566989294705,23.52403603817377,4.44,-4.182198,54.5,-927248821.455369,0.0247228196721311,18.248112972208173,0.0,-7.04,143379.42517279412,0.0,2.1764356037735846,4.164678736171678,23397103.78,45.0,9.0
300489,2025,0.0,1.0,0.4928316898394301,25.0,13.118515985675437,15.01863300083537,46.3998,14.320217500722087,12.5,20.0,8.0,50.0,2.662012877668816,29.9899,1.0,1.9295311788511549,77.69420365212912,1.5306961627090223,22.126723120024018,21.93,-3.875085,48.266666666666666,-540317685.15078,-0.0235373444055943,10.720308891823018,0.21,43.82,14445.863517679058,0.0,1.157242250460406,4.26529535771734,156233780.85,27.0,11.0
300505,2025,0.0,1.0,27.838405079524414,42.85714285714285,11.375959609897071,14.605693701035811,2.5232,13.51629556969877,0.0,0.0,7.0,42.85714285714285,2.8792579537512526,6.5818,1.0,5.108725148898055,28.111542091833407,20.40449379540016,22.00673904562817,1.55,-3.911798,51.76923076923077,229474858.111419,0.0208383866279069,6.96999796243496,26.33,18.3,89778.89582082325,0.0,1.266635704049844,1.9707023308644736,121335204.3,12.0,10.0
300708,2025,0.0,1.0,34.04108719162284,60.0,13.047609042557086,14.851750865739549,0.5338,13.941966981916831,20.0,27.77777777777778,10.0,30.0,5.531130318314043,4.7783,1.0,0.656843918263018,41.34950895746874,33.525474455342895,22.256309514261577,-2.27,-3.717244,41.77777777777778,390719367.807933,0.0108556555944056,6.116136552188644,19.11,11.23,133147.1193056501,0.0,1.157242250460406,11.633135804910498,129483955.76,16.0,6.0
300750,2025,0.0,1.0,4.579755873679409,11.11111111111111,14.672688025345922,16.331915874811646,61.324,15.563492279846434,11.11111111111111,20.0,9.0,33.33333333333333,3.741288940592656,23.2951,1.0,2.5643392485505423,65.23824441586552,38.5824520367916,27.39105958564576,9.69,-2.600472,53.125,13809999416.096216,0.0402430063291139,16.31162244169024,0.0,-9.7,409179.5769312362,0.0,0.926965465986395,3.9635951232655113,18606756000.0,37.0,6.0
300765,2025,0.0,1.0,0.0,0.0,12.099461347970696,14.035208178874184,85.7163,13.196357057312657,16.666666666666664,18.75,12.0,33.33333333333333,0.2611697455067743,62.3828,1.0,4.61305732963677,25.343011011067865,14.48132032566119,22.51870448889361,6.92,-3.877194,51.0,1717568425.531435,-0.1014584246575342,-13.336427282012108,0.0,-20.82,-121919.0928990752,1.0,1.2083507361111114,7.933711719140015,842200779.58,18.0,10.0
300803,2025,0.0,1.0,1.5605844880321422,57.14285714285714,12.310368308719513,15.643810870649055,51.9909,14.582929982898808,14.285714285714285,35.714285714285715,7.0,42.85714285714285,0.7103472287383512,40.4978,1.0,1.0829384112189306,79.53139519129395,60.32190780643237,23.10961206810518,100.22,-4.055399,47.92857142857143,-102612119.558514,0.0084085833333333,9.963422342778811,0.0,22.75,38303.90514705882,0.0,1.2418496363636364,1.085032088456422,162573764.0,52.0,6.0
300842,2025,0.0,1.0,14.75275340028105,20.0,14.51754314611219,15.474386044000706,24.7999,15.068273526459642,20.0,30.0,5.0,40.0,12.020001576478938,5.0746,1.0,0.484255727872765,78.58025705415376,25.966876954798103,22.781461192046773,15.43,-3.71121,45.285714285714285,117277118.05241,0.0127106555944056,3.2071259079918297,14.76,59.85,469046.1650679348,0.0,1.157242250460406,1.903468133895332,482231629.67,24.0,7.0
300896,2025,0.0,1.0,41.42105975364612,55.55555555555556,12.280901786150825,15.832411581169213,29.9782,14.821276296266031,11.11111111111111,35.714285714285715,9.0,33.33333333333333,9.69031818298737,7.7754,1.0,1.5649320152777484,4.680413487993228,18.160405036506702,22.844387355770923,21.72,-3.948896,52.785714285714285,982390815.905964,0.2037133074712643,74.35580241497001,31.09,5.45,1599621.3526165169,0.0,1.1709310868263465,2.868475924284788,303683955.88,32.0,7.0
300918,2025,0.0,1.0,0.0,0.0,13.436297821000176,14.51170309671018,73.3607,13.974392883024466,0.0,6.666666666666667,9.0,33.33333333333333,0.4425050148296736,67.4998,1.0,7.0688218640101175,52.38838382641621,12.973313423582548,22.254193901469105,25.64,-3.83722,48.68181818181818,-270043431.18691,-0.0028079772727272,14.41083693410136,0.0,0.98,37696.75582476266,0.0,1.0870867674418605,19.68741345198858,57445516.25,20.0,8.0
301020,2025,0.0,1.0,0.0,0.0,11.504893293272964,14.757430049472244,71.2151,13.713477832399125,11.11111111111111,14.285714285714285,9.0,33.33333333333333,6.082765957446811,11.28,1.0,1.132851654105752,23.42929218277046,51.96298264647251,20.923306988372747,4.64,-4.386053,54.13333333333333,36345267.514496,0.035212321888412,14.9788088781271,0.0,2.84,173884.730552017,0.0,1.3317051889400924,2.346421560368274,24762584.28,15.0,4.0
301069,2025,0.0,1.0,9.09049120732778,44.44444444444444,11.555505912505346,14.433610864201308,59.867,13.26542422024498,11.11111111111111,15.384615384615383,9.0,33.33333333333333,0.8368428620858555,44.5074,1.0,7.686792639297479,31.50810953255669,17.996449143115253,21.594024857721912,-3.79,-3.891038,50.23076923076923,201540672.003125,-0.007220613372093,9.097623536401864,3.8,-5.97,61320.22107929516,0.0,1.266635704049844,0.270601969619115,53803033.87,16.0,6.0
301127,2025,0.0,1.0,2.011418289905812,54.54545454545454,12.96729375696193,14.45930991889388,53.7475,13.527961809957729,45.45454545454545,42.85714285714285,11.0,36.36363636363637,2.4858434255081128,13.3189,1.0,52.04724068584407,54.67557604606559,19.796066285104224,22.70375869308733,26.98,-3.753598,44.61904761904762,520077526.18964,0.0147168571428571,22.85312090305204,0.46,1.96,353731.28511087643,0.0,1.747422142857143,9.002774785845656,65421255.1,26.0,2.0
301277,2025,0.0,0.0,65.69348668393727,44.44444444444444,11.765550145606609,14.33042779963352,74.7221,13.098070684835283,11.11111111111111,20.0,9.0,33.33333333333333,9.704995287464657,0.3183,1.0,2.7011550884306312,14.92450356778717,15.525075325625489,21.31865366489536,12.69,-3.869039,55.53333333333333,136314411.313072,0.061327290102389,26.778506904992973,63.21,11.51,166038.2812859885,0.0,0.8489369783393497,6.108255762531415,55488674.72,15.0,10.0
301308,2025,0.0,1.0,47.76599640697565,36.36363636363637,14.57878478141038,15.18218877439902,29.7755,15.080569054268048,9.090909090909092,19.047619047619047,11.0,45.45454545454545,3.3290572020188947,6.1816,1.0,3.4702276580236258,59.1664701555474,6.066113136808153,23.55038224488152,23.52,-4.099588,52.42857142857143,-58861182.164499,-0.0014673444055943,5.211670864778892,38.96,72.48,132259.6290314136,0.0,1.157242250460406,5.584215843135048,910301240.86,61.0,13.0
301358,2025,0.0,1.0,0.0,0.0,12.033569397673556,15.207488735552465,78.5593,14.081713598738933,22.22222222222222,15.789473684210526,9.0,33.33333333333333,8.756421612046058,3.9515,1.0,3.6656763538085175,61.5697198757033,4.9152171845045896,24.135801028185625,13.24,-3.346193,49.578947368421055,1962392268.515534,-0.0119253444055943,3.802827440214214,0.0,-45.36,82951.93183492689,0.0,1.157242250460406,4.287115761640608,291541685.42,23.0,2.0
301389,2025,0.0,0.0,0.0,0.0,13.029973928110982,14.293606357107343,75.6133,13.860675109918647,60.0,70.0,5.0,40.0,4.662820216939765,1.2999,1.0,1.0360496518624691,3.991966496105969,64.47980348589768,21.56050639952948,0.13,-4.088709,51.54545454545455,78867548.913974,0.0042296555944056,21.40040670988447,0.0,8.51,176842.33634408604,0.0,1.157242250460406,2.217141933414472,25273780.48,17.0,7.0
600050,2025,0.0,0.0,0.0029206474366441,0.0,12.653766757856047,14.433556966014969,70.7041,13.626526858296767,0.0,15.0,13.0,38.46153846153847,2.7267815049864006,35.8475,1.0,10.383398179369694,45.1890316960874,8.13165862402595,27.234768494665776,1.51,-3.066704,55.851851851851855,13573563543.727392,0.0242960625,6.369263281669333,0.0,4.56,85615.66414675605,0.0,0.95151925,11.257094277834929,13071790017.0,36.0,9.0
600062,2025,0.0,1.0,0.1068208367413511,7.142857142857142,14.072096622278698,14.863145291867516,70.3754,14.651458537155891,0.0,31.25,14.0,42.85714285714285,0.387038134559164,60.2367,1.0,19.486314845580846,33.40670145970477,17.084531499167298,23.5378356225128,8.13,-4.180839,52.125,2713460652.412706,0.064867290102389,16.329820959216747,0.02,9.68,123061.06604219473,0.0,0.8489369783393497,3.8205511286503424,795689239.71,64.0,9.0
600063,2025,0.0,1.0,0.0054501651973737,20.0,12.80920394008019,14.75848216841976,39.2128,13.865252649859087,10.0,5.263157894736842,10.0,30.0,0.6554794844981435,27.4451,1.0,5.256666542647932,45.42437886210497,2.071181884439397,23.457987488423026,9.32,-4.188479,53.26315789473684,1218101276.13267,-0.007409613372093,4.599882693041018,0.0,-2.82,78920.57938843341,0.0,1.266635704049844,3.819032863514359,439129134.82,16.0,5.0
600113,2025,0.0,1.0,0.4088995210853098,18.181818181818183,12.213461943962027,14.285826638392054,48.3958,13.666314251602149,9.090909090909092,26.31578947368421,11.0,27.27272727272727,0.5063223286447405,48.131,1.0,14.065728274612502,29.324808341069023,21.316875816579703,22.006558257127534,-3.43,-4.231792,51.47368421052632,151095521.303535,0.0295778985507246,21.98623138477642,0.0,-18.44,114218.25168880456,0.0,1.7998192096774197,2.896075342490537,9036200.0,18.0,13.0
600151,2025,0.0,1.0,0.0,0.0,12.558699406622337,14.768865833975246,41.7657,13.722188400732902,0.0,5.88235294117647,9.0,33.33333333333333,1.705142649738746,26.4494,1.0,7.417992577371072,36.66145490448455,15.436890999644463,22.83763896143938,-24.06,-4.18916,50.63636363636363,-271267876.853311,-0.039089993670886,0.2275714877336983,0.0,-42.02,-50938.46248704664,1.0,0.926965465986395,1.288191803975216,183189029.35,17.0,6.0
600176,2025,0.0,1.0,0.3363803199470485,22.22222222222222,11.4693914629465,15.145525530552948,66.3565,14.55003957630299,11.11111111111111,13.333333333333334,9.0,33.33333333333333,4.285711637494763,26.9723,1.0,2.608876778155355,41.08420400861327,5.851308095571227,24.700666074111417,2.5,-3.927435,52.85,4081092119.356766,0.0386215961538461,20.312781560540635,0.0,6.59,187809.7111434512,0.0,1.754104821052631,2.4409507191812523,528291814.11,42.0,9.0
600211,2025,0.0,1.0,0.0,0.0,14.51160339581279,15.959744494802944,64.2358,15.030334277594449,22.22222222222222,31.25,9.0,33.33333333333333,3.1965606760926395,32.2796,1.0,31.727303418434705,16.751138731997607,34.71869798725319,22.280849948702866,3.49,-4.15749,50.25,467083737.926566,0.188604290102389,39.36644133990128,0.0,-10.45,1773616.1001006712,0.0,0.8489369783393497,0.7919548156968081,28963046.8,17.0,3.0
600237,2025,0.0,1.0,0.1918856386938266,28.57142857142857,11.61908566079862,14.632201924615677,22.0105,13.854731271117556,0.0,14.285714285714285,7.0,42.85714285714285,0.5221019115471902,17.7134,1.0,2.8656823084019583,21.604310722203028,18.93734140131545,21.60633180438445,0.69,-4.251869,48.21428571428572,-34818951.851928,0.0098236555944056,9.350288393330786,0.05,18.91,52181.88764274489,0.0,1.157242250460406,7.83225136110549,47698013.87,14.0,8.0
600282,2025,0.0,1.0,0.2088650080520179,11.76470588235294,14.14938201288543,14.99416555430592,83.0952,14.930652148583594,11.76470588235294,8.571428571428571,17.0,29.411764705882355,0.6329616399083574,57.1349,1.0,8.962520098932915,59.78659907904459,9.09636263250906,24.958920031118684,-5.56,-3.873143,53.34285714285714,5995972329.628713,0.0179093,5.1110041635915735,0.06,-14.79,156182.61679988602,0.0,3.095015235294118,2.958438473535571,2445807710.45,80.0,12.0
600325,2025,0.0,1.0,0.1167043203943682,42.85714285714285,12.589428468050237,15.99061449014224,51.1597,14.782646483843996,21.428571428571427,17.391304347826086,14.0,35.714285714285715,1.876449282693592,19.7684,1.0,0.1549421198719991,70.26175473660797,7.900540998279607,26.76422297188798,-6.95,-3.613427,51.56,6085736684.292888,0.0233369659090909,4.123062483098037,0.0,-16.84,91921.44996793194,0.0,3.4054799130434774,2.4521790215596933,85156415.41,44.0,8.0
600332,2025,0.0,1.0,0.0001414778462384,0.0,12.562634583083923,14.1061108682151,76.054,14.198532355238466,33.33333333333333,37.5,9.0,44.44444444444444,2.0252714073218927,45.043,1.0,4.40113307610255,53.76106045844181,22.370644211737257,25.126119225308205,3.94,-3.914934,55.23809523809524,3501950472.934268,0.002673290102389,4.861543992501779,0.0,1999.27,106643.37704563224,0.0,0.8489369783393497,1.381114433774684,828407000.0,73.0,5.0
600353,2025,0.0,1.0,0.0491968232564951,44.44444444444444,11.104957226643943,14.4409140864377,44.4383,13.38779984090879,11.11111111111111,7.142857142857142,9.0,33.33333333333333,2.437461167648635,28.005,1.0,3.7207757430156274,40.830596834221744,9.109407679527536,21.89799079075617,7.99,-4.347749,57.1764705882353,15839430.426691,-0.0031293444055943,7.571745875942271,0.01,20.48,43039.89311676083,0.0,1.157242250460406,3.895847833841098,91775860.33,32.0,6.0
600359,2025,0.0,1.0,0.0,0.0,12.558429948524369,14.024392899926214,40.6459,13.237476184504834,14.285714285714285,26.666666666666668,7.0,42.85714285714285,0.1481944475448505,40.3173,1.0,3.647819091925654,46.31971595541173,25.736990231568363,20.97953687156667,3.53,-4.072987,47.42857142857143,-9416290.171871,0.0142807,6.110494607489182,0.0,4.26,109558.72625,0.0,2.990779,6.865538346285363,16842506.34,21.0,7.0
600422,2025,0.0,1.0,0.0654781106003057,0.0,14.226498846728548,14.779867382407469,63.247,14.779867382407469,16.666666666666664,17.857142857142858,12.0,33.33333333333333,2.2631605223555926,28.0422,1.0,6.729024650397072,46.50645323787128,17.965852202961113,23.257864397665934,31.84,-4.285219,51.42857142857143,1190494172.793631,0.025504290102389,11.290416819763957,0.0,9.07,142411.50058009478,0.0,0.8489369783393497,0.6298370400982437,94254700.0,58.0,7.0
600425,2025,0.0,1.0,0.0063064341643677,0.0,11.070796372490472,14.340475745283983,49.127,13.484781795970129,0.0,15.789473684210526,7.0,42.85714285714285,1.1307811521672522,22.5193,1.0,6.042413044592728,29.896282577263094,13.348477759818614,22.978509268449702,-1.62,-4.102827,53.73913043478261,416196892.737457,0.0180735961538461,61.99234872481738,0.0,-87.73,102948.40220039946,0.0,1.754104821052631,2.593696792603521,103821900.0,10.0,7.0
600433,2025,0.0,1.0,0.1699837747286917,37.5,13.532465337725911,15.02354510224488,46.5933,14.126811496014689,25.0,22.22222222222222,8.0,37.5,3.5987562991556623,17.9786,1.0,5.984467809388969,44.16511618992959,10.731207878931404,23.14155976791492,8.54,-4.373365,48.93333333333333,-615490722.583308,-0.016821487804878,3.234136676321035,0.04,2.5,47296.96524371314,0.0,1.1787310555555552,6.59993544183398,365562042.71,45.0,7.0
600470,2025,0.0,1.0,0.0,0.0,13.388303657880554,14.80642627117701,27.0632,13.994994759938068,0.0,6.25,7.0,42.85714285714285,2.0315180793441665,20.493,1.0,7.155134793689879,69.33344614031128,18.85675377719447,22.67309351687313,18.83,-4.114397,49.333333333333336,-129822946.573421,-0.020964613372093,1.716789877182871,0.0,-9.83,22885.9698433776,0.0,1.266635704049844,6.257763374074235,206826922.89,11.0,6.0
600506,2025,0.0,1.0,0.0,0.0,13.892888178985618,15.89603900874435,41.4638,14.914122846632385,11.11111111111111,21.428571428571427,9.0,33.33333333333333,2.994098059723793,9.3698,1.0,14.72377063318962,77.30065167414195,10.40401868975908,21.393564256622785,-7.99,-4.115669,46.57142857142857,175061389.822906,0.0303100769230769,4.350528302911469,0.0,3.35,36077.67788505747,0.0,1.599298090909091,0.8482228246585238,44603126.32,41.0,4.0
600507,2025,0.0,1.0,1.0470821866370144,56.25,11.946265109844372,14.496989933656538,47.5976,13.15114517882978,31.25,20.6896551724138,16.0,31.25,1.8321277062958872,31.4221,1.0,8.53172895442064,50.18600639604723,30.86579320808412,23.680670044393413,-2.67,-4.085804,51.13793103448276,447047846.57009,-0.0007167,2.003363397496222,0.0,-18.67,39311.37341337907,0.0,3.095015235294118,0.2662649123064893,103942645.44,19.0,5.0
600523,2025,0.0,1.0,0.0050109441620162,11.11111111111111,12.61364663948569,13.69717737100241,53.4756,13.69717737100241,0.0,11.76470588235294,9.0,33.33333333333333,1.819239114867768,37.0069,1.0,4.063405826794717,25.054938124009524,11.380386235343014,22.152990785256296,8.94,-4.155639,51.588235294117645,113116818.587936,0.0030385459183673,7.807330711428155,0.0,1.95,54339.72716236272,0.0,1.115356340206186,2.95185490694316,155907712.11,18.0,3.0
600535,2025,0.0,1.0,0.0,0.0,13.505219256725704,15.782175262041148,56.9567,14.741751620691597,11.11111111111111,18.75,9.0,33.33333333333333,0.5889661202185792,45.75,1.0,7.666299821451816,19.130913267761425,19.98864132759936,23.429734478889007,-10.4,-4.151051,56.90909090909091,2178562935.523702,0.023298290102389,12.27930577692186,0.0,-2.03,78395.28974630407,0.0,0.8489369783393497,3.772258909085286,1039118567.68,42.0,4.0
600582,2025,0.0,1.0,0.0058088615649062,0.0,13.00155075718758,-inf,71.3376,14.104891187051637,0.0,4.3478260869565215,9.0,33.33333333333333,0.811691526613796,55.5445,1.0,4.703778916955743,46.2357806701538,24.55772919849391,24.770906605050754,7.57,-3.873237,53.65217391304348,7566404260.850142,0.0293353074712643,12.703948821359454,0.0,2.0,191823.26135485663,0.0,1.1709310868263465,1.215997592359076,2188374068.14,17.0,7.0
600583,2025,0.0,1.0,0.0004522995003978,16.666666666666664,12.802123677392371,14.697375462823413,68.7522,14.038654109278484,0.0,6.666666666666667,6.0,50.0,0.4870893058208825,55.3301,1.0,6.192151030236069,41.37536715661229,12.579164759926734,24.599265372746608,11.51,-3.907184,49.86666666666667,810336527.957396,0.0272134615384615,8.451549208809643,0.0,-2.59,222546.1421009772,0.0,1.3734380769230772,1.963847947572396,1227337300.0,10.0,7.0
600589,2025,0.0,1.0,0.0130729529965847,40.0,13.340253151769993,14.214957593746876,39.3727,14.264992551489213,40.0,60.0,5.0,40.0,5.93892624352365,15.5566,1.0,17.718634292951272,60.27635611681418,10.36470764183797,21.240926145096708,-14.35,-4.181649,43.84615384615385,285934759.577562,-0.043452613372093,-0.3999654621538799,0.0,10.51,-146525.9812162162,1.0,1.266635704049844,5.793683290167103,16521546.13,53.0,10.0
600660,2025,0.0,1.0,0.0273662317124528,11.11111111111111,15.058962455522025,16.408845512928146,75.7852,15.645865544951691,11.11111111111111,11.11111111111111,9.0,33.33333333333333,7.000218983217127,22.8328,1.0,3.769255520207013,43.58385841491163,29.696951649496217,24.870427089419127,11.7,-4.172393,60.45,4055408530.426729,0.1098675961538461,21.23757125284083,0.01,18.37,197943.5075178053,0.0,1.754104821052631,8.664837558971945,1677751298.0,41.0,7.0
600688,2025,0.0,1.0,0.001699045033249,8.333333333333332,12.681507925189749,15.04354162738328,85.0225,14.030783214897914,8.333333333333332,9.090909090909092,12.0,41.66666666666667,2.550482682293958,51.1413,1.0,2.1205985567547527,39.80154916983484,28.960182970575616,24.45542839057568,5.32,-4.213682,55.18181818181818,-3143464633.828862,0.0219740769230769,0.2953892689344842,0.0,3.23,45734.11798071469,0.0,1.599298090909091,4.562248399477904,173953000.0,21.0,3.0
600721,2025,0.0,1.0,0.46515536419656,40.0,13.125199352223538,15.090733683818376,9.222,14.105040921273671,40.0,45.0,15.0,40.0,6.594926159282594,8.9991,1.0,2.292412632058066,31.93793579721165,24.40891564449924,20.83171127586662,4.95,-4.174176,50.7,17046024.671536,0.0071701428571428,9.193524959947228,0.15,4.46,56742.87693570452,0.0,0.8556532857142859,2.207764289901039,46542219.12,34.0,6.0
600727,2025,0.0,1.0,0.0,0.0,12.332778715207375,14.656603493272527,39.6458,13.745409930284785,33.33333333333333,23.07692307692308,6.0,33.33333333333333,0.7550435643622194,34.2367,1.0,7.230717196396719,59.109047393316175,28.63015050080452,22.892919320381534,2.8,-4.266878,54.30769230769231,-315907275.684842,0.0104543866279069,7.364322758766445,0.0,15.06,128474.20655925528,0.0,1.266635704049844,4.362164895844371,58265916.36,32.0,11.0
600730,2025,0.0,1.0,0.5031574048207721,11.11111111111111,12.931021257389292,14.436355826768814,21.5198,13.990219881756088,22.22222222222222,31.25,9.0,33.33333333333333,0.6606294848171617,20.0259,1.0,0.825666972451135,12.061434391704172,49.40464267103175,21.453607375738542,0.93,-4.400635,45.11111111111112,1559896.293862,0.0129586666666666,30.16072353631132,0.0,22.25,130404.77201995012,0.0,1.64769075,0.2302116171632729,17617608.76,45.0,6.0
600750,2025,0.0,1.0,0.1314459366451121,44.44444444444444,12.898552937102416,-inf,66.8571,14.089347223594002,11.11111111111111,26.666666666666668,9.0,33.33333333333333,0.9626057168320692,43.0868,1.0,10.712145666103709,31.289443366116508,15.479238500208933,22.59628875391848,6.19,-4.276045,49.130434782608695,737530085.226481,0.098161290102389,21.42491275060282,0.03,1.03,205764.46420612145,0.0,0.8489369783393497,4.467887538413148,146213600.0,31.0,0.0
600769,2025,0.0,1.0,0.0,0.0,10.298902324790792,13.505173794947687,21.6341,12.889926779178529,28.57142857142857,27.27272727272727,7.0,42.85714285714285,1.485873230107227,20.0789,1.0,2.5615499985592893,69.05705860221427,32.42823039504538,19.622920092010744,16.16,-4.069843,49.81818181818182,-7851414.913986,0.0069948571428571,23.4590416449103,0.0,13.71,210050.04147540985,0.0,1.747422142857143,4.108160979717177,382911.57,7.0,6.0
600794,2025,0.0,1.0,0.0544435315873569,28.57142857142857,12.398096977785514,14.588485038383771,44.7049,13.999996437587605,14.285714285714285,33.33333333333333,7.0,42.85714285714285,1.1538095051258628,35.6818,1.0,8.135978679438342,16.35441673658369,16.676753115190003,21.954549887907323,-14.87,-4.349982,49.1764705882353,397716985.986276,0.0581865714285714,32.73373811987971,0.0,-39.96,473973.3148875255,0.0,1.5358565714285717,0.9973904029222048,16845536.0,25.0,1.0
600810,2025,0.0,1.0,0.0199568577619089,55.55555555555556,13.52716159652479,14.00530412959693,72.6924,13.850877701801563,11.11111111111111,14.285714285714285,9.0,33.33333333333333,0.4462681766465197,62.4909,1.0,5.073803576856861,59.83311255576807,17.710973818773276,24.05568739088984,-10.93,-4.277978,53.30434782608695,-2575857925.859158,-0.0213257272727272,3.8454802989421,0.01,8.12,16508.133732628212,0.0,5.9953732272727285,9.670514576565568,504816508.87,32.0,11.0
600862,2025,0.0,1.0,0.0061954657226005,9.090909090909092,12.230277334226992,14.307520267472624,70.8807,13.573311600114906,9.090909090909092,11.11111111111111,11.0,36.36363636363637,1.088749805907576,41.8615,1.0,6.9032079333294165,20.10676348083448,17.48339178448302,22.963195173795743,8.63,-4.583598,53.44444444444444,325018441.147376,0.093463493670886,26.4126840166134,0.0,6.12,1104330.2969121814,0.0,1.2920994743589749,1.657588058407306,196800732.83,15.0,2.0
600871,2025,0.0,1.0,0.0002649951469945,0.0,12.496293991296904,14.534387374195845,87.848,13.826872762941068,13.333333333333334,10.0,15.0,33.33333333333333,2.413704999057572,52.5239,1.0,2.0348071676396096,88.8171835298129,4.717492948839415,25.071478480766224,2.9,-4.087685,54.86666666666667,1805883523.724463,-0.0099495384615384,2.296093411455223,0.0,1.39,10498.420930155247,0.0,1.3734380769230772,4.759987072683701,2247111000.0,32.0,17.0
600873,2025,0.0,1.0,5.365934036880721,60.0,14.214286677921642,16.02048282209132,23.3225,15.171345711599455,20.0,36.36363636363637,5.0,40.0,1.6255978783668237,29.9392,1.0,7.89877307348168,38.78531767035588,19.156408496648123,23.89335293413387,2.82,-4.220165,51.27272727272727,3515697441.389288,0.0639895753424657,12.893053530177983,2.54,-9.69,213130.1303126458,0.0,1.2083507361111114,8.418564950715991,733490052.59,63.0,16.0
600941,2025,0.0,1.0,9.806209861937417e-05,11.11111111111111,12.589206933153324,14.704224522068197,97.2287,13.584838740229271,11.11111111111111,6.666666666666667,9.0,44.44444444444444,1.5034944565964985,69.3527,1.0,7.304179268216789,34.329348276532485,11.6881437765911,28.35993449196821,5.9,-2.703009,58.66666666666666,175708535414.17914,0.0605080625,16.90055046365201,0.0,3.12,304181.9918534052,0.0,0.95151925,7.524940576324026,34027000000.0,27.0,0.0
600963,2025,0.0,1.0,0.1488661804255809,20.0,12.787589697418698,13.833546920450372,47.1669,13.468927377592331,30.0,28.57142857142857,10.0,40.0,8.359833204297567,14.7246,1.0,4.443039267906931,61.02479722812723,6.763468387145151,23.73798518864686,27.65,-4.039277,48.19047619047619,1744045219.205703,-0.022186487804878,3.5353159728107006,0.04,-5.86,42407.028744929004,0.0,1.1787310555555552,9.473916297089383,315319333.44,59.0,1.0
600973,2025,0.0,1.0,0.0476326168912203,18.181818181818183,12.438065812121366,14.80132735248704,47.7716,13.815510557964274,0.0,0.0,11.0,36.36363636363637,1.8981774972801968,31.8957,1.0,5.404555636242151,80.21541657473831,13.589987470632671,23.760201651648885,-6.93,-4.036671,52.54166666666666,1456032217.151829,-0.043877993670886,0.1356295432491901,0.0,5.85,-49756.87533415651,1.0,0.926965465986395,1.405019012698293,700225919.83,31.0,6.0
600989,2025,0.0,1.0,7.745762373173504,44.44444444444444,14.653919578862013,16.487311626391364,73.0454,15.576776454855988,0.0,9.523809523809524,9.0,33.33333333333333,4.237995186292715,35.6482,1.0,6.508558774415748,51.98388178236039,2.765564074359837,25.21824404970597,25.04,-3.572854,52.31818181818182,3222084002.195569,0.0402303866279069,24.34815889305603,7.53,13.21,310472.5572737961,0.0,1.266635704049844,12.87213034828525,756142096.71,22.0,7.0
601002,2025,0.0,0.0,0.0718954328910135,22.22222222222222,12.715811965195742,15.01227746203988,47.3462,13.619738953445916,11.11111111111111,20.0,9.0,33.33333333333333,0.7280965213634771,38.8888,1.0,2.9773406151803044,19.230574302781296,10.162565643277636,22.368354805710062,-0.73,-4.317947,56.0625,116935973.106151,-0.0064986781115879,7.844342724473492,0.0,2.4,56789.19866782006,0.0,1.3317051889400924,0.7274539864389904,106036562.39,6.0,6.0
601608,2025,0.0,0.0,0.0,0.0,13.743719131315132,15.63409045567677,70.4052,14.89133175833157,0.0,0.0,7.0,42.85714285714285,0.6096884388444778,57.3178,1.0,7.888536648963814,53.05121231487229,10.47436597422332,23.702740938534784,7.23,-4.723324,54.125,-588191711.460126,-0.0127926925287356,4.329593483290959,0.0,-15.93,50873.0953401117,0.0,1.1709310868263465,1.185350523370598,573965532.41,17.0,1.0
601666,2025,0.0,1.0,0.0365776269286114,58.82352941176471,12.093028364220965,14.339647195789937,71.7712,13.31066700587583,11.76470588235294,6.25,17.0,35.294117647058826,0.8832106563431219,39.263,1.0,14.390954314975607,61.79448949406202,12.148402293051028,25.06269637576797,-1.31,-3.889711,54.15625,6916046043.687344,-0.016736,15.65781313030175,0.0,-4.06,60310.59404900156,0.0,3.5712388749999984,7.986209891466597,1005476378.57,85.0,3.0
601799,2025,0.0,1.0,35.95174473216365,42.85714285714285,12.325758631332643,14.592079346663292,34.6278,13.9108207377686,28.57142857142857,18.75,7.0,42.85714285714285,2.834645340169701,35.8865,1.0,3.7903272203614495,39.93612629574499,11.942699928801217,23.55318355003053,14.69,-4.059307,51.0625,492740188.33361,0.0423295459183673,12.099492037682731,35.89,29.32,135073.9013485517,0.0,1.115356340206186,4.008140501706807,655492700.0,12.0,4.0
601886,2025,0.0,1.0,25.57418598279505,44.44444444444444,12.960027437698848,14.903466266443855,49.913,14.0951100542227,0.0,0.0,9.0,33.33333333333333,6.160083563059958,27.8592,1.0,4.623981991373856,70.34527282253428,18.1647209234877,24.10640477141989,2.64,-4.030581,50.76190476190476,950945994.030116,0.0884442105263157,4.545552980943571,25.53,6.93,75421.24083960512,0.0,1.8818214,1.542174081664614,643398090.37,61.0,13.0
601929,2025,0.0,1.0,0.0,0.0,10.004086751092244,12.795524589751354,38.6467,12.164208441431477,33.33333333333333,15.789473684210526,9.0,44.44444444444444,1.16776464883895,28.4613,1.0,3.3282562113136747,58.63610882888857,2.3733062350360545,23.29379849435921,-9.49,-4.042467,53.77777777777778,1409686123.415028,-0.0426329375,-15.020516987745838,0.0,23.89,-82468.58806636554,1.0,0.95151925,3.1711855150421977,135346288.86,49.0,7.0
603009,2025,0.0,1.0,39.77601550855863,33.33333333333333,11.76498035977886,14.856281846942531,15.1265,13.66967520974073,16.666666666666664,20.0,6.0,50.0,1.6712076818000277,29.7951,1.0,9.475322445508311,47.77190319046332,4.403673453992356,21.948174184036205,0.36,-4.029744,48.1,71596769.882347,-0.0189934540816326,5.597549333812819,31.57,7.57,60104.00447325769,0.0,1.115356340206186,6.726250541469978,103258815.5,37.0,9.0
603019,2025,0.0,1.0,3.030837842723689,12.5,13.33998772590067,15.132937039785364,31.6851,14.508007527182633,25.0,20.0,8.0,37.5,2.283718201043971,16.3606,1.0,15.153751162450051,41.75775669029464,17.797024852270503,24.323791874771512,15.82,-3.716372,57.46666666666667,3477224212.377101,0.0230706555944056,17.017992354100876,0.0,-8.4,332737.25888499414,0.0,1.157242250460406,2.347621105887536,1250945415.07,19.0,5.0
603025,2025,0.0,1.0,32.63522507569329,44.44444444444444,15.488507345172437,16.09438680431151,34.6853,15.80864502003339,22.22222222222222,20.0,9.0,33.33333333333333,5.009079354654308,32.8878,1.0,1.447459643109626,38.42989622142174,25.8659760406447,22.20770509803182,12.12,-4.116603,51.95,184220359.671527,0.1100436555944056,28.13928030721652,0.0,24.42,384696.6840690505,0.0,1.157242250460406,0.4030420039608083,205695016.86,19.0,0.0
603050,2025,0.0,1.0,27.882445698497204,35.714285714285715,13.27643548271612,14.872571419474149,53.7583,14.160092677548867,7.142857142857142,21.73913043478261,14.0,42.85714285714285,3.572208340131264,34.9371,1.0,3.931366529084279,67.36152271993781,9.77379892530265,22.36870798213703,-1.87,-4.117947,53.26086956521739,649518279.118944,0.0063860063291139,5.158408573004584,0.0,4.98,55038.13305157156,0.0,0.926965465986395,1.116486968419787,208445223.74,24.0,1.0
603061,2025,0.0,1.0,23.098868925596427,22.22222222222222,11.796787751319144,15.18407364505385,31.9631,14.146611250783575,0.0,21.428571428571427,9.0,33.33333333333333,8.573305771272135,8.9495,1.0,6.704894316604647,17.661636607329132,33.38517458896717,21.192372569118938,0.86,-3.576769,45.57142857142857,225807072.849276,0.0182493074712643,19.76900356560862,14.19,17.12,215017.78572602745,0.0,1.1709310868263465,5.758189037573273,41645689.94,17.0,5.0
603063,2025,0.0,1.0,23.07345166092055,50.0,14.18083399563482,15.311645384763697,36.4088,14.75684506027786,12.5,15.789473684210526,8.0,37.5,1.698631392902802,19.6331,1.0,1.3442132014758128,44.63309554198526,18.36173166626616,22.796527853139555,9.71,-3.830687,47.89473684210526,-43883473.243348,0.0293790063291139,15.015342592422265,19.6,-0.5,184821.8541713596,0.0,0.926965465986395,1.278847041611723,345068261.3,13.0,2.0
603122,2025,0.0,0.0,0.0229883898247923,14.285714285714285,15.207018461174552,15.927179909728814,56.2852,15.493168269808764,42.85714285714285,56.25,7.0,42.85714285714285,8.642897327707454,0.711,1.0,0.9212217452856916,21.38047715202901,17.4584475547186,21.12477133873668,2.24,-4.049638,57.375,9488836.483009,0.0258501170212765,4.036832715514912,0.0,-14.05,140243.62197044335,0.0,1.4445624204545455,2.129797485598562,3753425.63,43.0,5.0
603132,2025,0.0,1.0,0.0,0.0,12.413036000615346,15.063318412994237,91.9513,14.03801390439106,15.384615384615383,14.285714285714285,13.0,38.46153846153847,1.4570063188645097,6.2986,1.0,16.63373662426357,49.63165987279572,8.664608567761773,22.591035430928567,14.81,-3.676139,52.76190476190476,-331084447.891627,0.0084953333333333,42.31918937965963,0.0,19.97,313998.8652205398,0.0,1.1717570384615386,15.94240139971032,46491368.37,36.0,1.0
603160,2025,0.0,1.0,47.05532300955924,28.57142857142857,15.310541604063044,15.321874228113588,14.9037,15.870620984205768,0.0,25.0,7.0,42.85714285714285,1.03603987844538,45.0168,1.0,22.776362259921555,15.360920380673203,33.76909465790637,23.055830772993044,5.94,-4.018625,51.875,-546427552.649262,0.0272186555944056,12.886520206752357,44.67,-0.75,429679.0283772242,0.0,1.157242250460406,2.2399762871776243,1097021409.11,58.0,8.0
603186,2025,0.0,1.0,1.8835534659631896,28.57142857142857,13.52555924606845,15.013092987268196,48.2805,14.345903487222794,14.285714285714285,13.333333333333334,7.0,42.85714285714285,0.7975642017519777,40.069,1.0,5.86747435959715,75.50748834880396,7.64905564504709,22.533611498909128,5.53,-3.997013,49.86666666666667,122263002.627671,-0.0472883444055943,-0.8673215776307724,0.64,14.97,-37600.19517774343,1.0,1.157242250460406,4.050279967052505,184809433.13,27.0,12.0
603259,2025,0.0,1.0,0.0309619243130285,23.07692307692308,17.221346747036634,18.03357162903436,62.6891,17.548406897494985,15.384615384615383,21.052631578947366,13.0,46.15384615384615,5.070105662179508,13.4012,1.0,3.048162443700093,26.442568040255647,22.80964335263537,25.10935700530992,9.04,-3.798873,55.31578947368421,882641452.444074,0.0890661428571428,27.40248677884334,0.0,-2.73,242749.772648805,0.0,0.8556532857142859,4.984066552840626,1238525000.0,24.0,5.0
603303,2025,0.0,1.0,1.0977942597321535,14.285714285714285,11.438817492816506,14.603967918328545,81.5108,13.9108207377686,14.285714285714285,5.88235294117647,7.0,42.85714285714285,2.460230224704506,49.2736,1.0,5.086005986513599,39.044067464406055,47.35424711996946,22.50691224546317,6.36,-4.277323,52.0,163347244.552921,0.0294940063291139,6.370471598292197,1.08,-5.66,82641.34972901679,0.0,0.926965465986395,1.5074175638377258,171646764.06,10.0,10.0
603535,2025,0.0,1.0,59.203619777297725,55.55555555555556,12.07894924920098,14.421355410121423,9.8024,13.081541382884074,44.44444444444444,28.57142857142857,9.0,33.33333333333333,3.69262178905292,31.3965,1.0,9.02743639407166,44.36721812641537,8.900368546053175,22.27856916465726,8.32,-4.11747,51.07692307692308,-285825412.304537,0.0338195714285714,20.650107730112,31.91,9.83,206707.22478830648,0.0,1.5358565714285717,5.892757612908262,18238880.13,46.0,12.0
603588,2025,0.0,1.0,22.74132227702277,66.66666666666666,13.767565036983331,15.31240667541196,6.5312,14.61166548859845,33.33333333333333,29.411764705882355,9.0,33.33333333333333,2.5046031394576453,17.1622,1.0,33.7188335219809,63.708153112075614,7.41896243524305,24.028971380936483,2.19,-4.321785,51.47058823529412,52316419.836964,0.0209218196721311,7.301004178413399,17.3,37.04,99290.37041544657,0.0,2.1764356037735846,3.281966642003756,509081608.65,43.0,3.0
603697,2025,0.0,0.0,54.94557309093155,57.14285714285714,13.084827643875224,14.670649028844924,9.3885,13.898287984421842,28.57142857142857,16.666666666666664,7.0,42.85714285714285,1.670553367233887,49.7337,1.0,3.103789651355617,13.327281443665267,11.659680680623564,21.43972362581248,3.28,-3.799514,47.266666666666666,232594089.469872,0.0500837846153846,15.784468633808936,49.73,22.37,116625.36558191253,0.0,2.496959492063491,1.018687669088642,4132727.56,9.0,2.0
603727,2025,0.0,1.0,0.0004615228457979,9.090909090909092,12.06123953314721,15.258752199525915,58.1551,14.221975166405525,9.090909090909092,5.88235294117647,11.0,45.45454545454545,2.757842562237042,29.4961,1.0,10.102456194791772,40.65963844853773,15.342234398163717,22.415488491814266,13.15,-4.27792,57.11764705882353,64053345.678956,0.0003944615384615,4.031386671438614,0.0,46.76,75202.47624532535,0.0,1.3734380769230772,1.9737204314697232,118902847.46,8.0,10.0
603860,2025,0.0,1.0,0.6611096043982521,14.285714285714285,12.812507495290811,14.802720784195069,47.8316,13.868279463102578,14.285714285714285,26.08695652173913,14.0,35.714285714285715,0.5268540706073687,46.2388,1.0,4.520671994467651,14.624946328545384,28.470968193357653,20.669917775928955,4.29,-3.711433,48.73913043478261,10262053.592999,0.0228065774647887,18.867927952455226,0.0,-0.22,185069.19191666663,0.0,1.4903529565217388,0.8041923605858481,17199383.68,7.0,9.0
603866,2025,0.0,1.0,49.19786140286455,66.66666666666666,11.507721950138633,14.038686108766496,8.6675,13.45806817676374,33.33333333333333,54.54545454545454,6.0,33.33333333333333,5.737604706288332,24.3419,1.0,6.740276562458475,27.452524596293408,2.724575318862078,22.67978456036877,0.38,-4.23423,51.27272727272727,191995995.676879,0.0226875753424657,12.03937235094206,14.36,-9.93,62226.93323003576,0.0,1.2083507361111114,9.281587824554384,22968394.81,30.0,3.0
603929,2025,0.0,1.0,0.0,0.0,12.279323107269766,14.611620381582044,69.2899,13.743584818392684,22.22222222222222,20.0,9.0,33.33333333333333,0.9614100267996216,53.9933,1.0,1.023697759337992,54.20471978840887,61.48208770683405,22.11940790820117,14.03,-4.03492,58.588235294117645,166013848.193548,0.100628,12.765412711468835,0.0,68.09,871266.1372664834,0.0,1.0654933999999998,0.0764756698627318,169021799.03,18.0,8.0
605008,2025,0.0,1.0,2.721892794384194,11.11111111111111,12.215032386901646,13.301178794868996,81.507,13.428081812342208,22.22222222222222,13.333333333333334,9.0,33.33333333333333,1.131988850631251,65.8692,1.0,8.191141360675283,61.39096895624259,5.39910010750949,22.36432070802068,9.84,-3.63794,49.0,293741219.586083,-0.012306613372093,4.716750931157952,2.72,156.63,165279.25386643235,0.0,1.266635704049844,9.247804613954264,117694480.69,25.0,13.0
605028,2025,0.0,1.0,3.750001247494338,20.0,12.8469172506199,14.159950964234664,67.6356,13.815510557964274,60.0,33.33333333333333,5.0,40.0,252.78009630818616,0.1246,1.0,3.0404563255333903,12.432811989511256,10.51627508269947,21.17468662208676,3.67,-3.934941,52.92307692307692,79545143.298905,0.0811568791208791,54.09495978894925,0.0,-0.64,813862.8712322275,0.0,1.5626357411764706,11.40447935270049,12924810.77,9.0,1.0
605058,2025,0.0,0.0,18.913720564008475,14.285714285714285,14.335157162236042,15.752524106511832,9.0239,14.945815293364872,28.57142857142857,25.0,7.0,42.85714285714285,2.425282558292536,44.0794,1.0,2.698581660179572,34.163496279180144,31.743532651715405,21.68360831266901,14.45,-3.896789,53.0625,29852392.403427,0.0227916555944056,10.133695692498774,18.89,19.45,95736.52167794316,0.0,1.157242250460406,2.201688285520046,65555870.25,9.0,8.0
605077,2025,0.0,1.0,33.8891136735834,50.0,12.402050528771614,15.08712331900055,9.6528,13.989463865087712,16.666666666666664,16.666666666666664,12.0,50.0,5.545927926298245,15.4786,1.0,4.992021560504589,53.44235580702163,6.210092657965016,22.668036616136323,13.18,-4.074521,52.888888888888886,552326069.817703,-0.0126664246575342,10.502056494344274,15.43,0.93,129350.03705486044,0.0,1.2083507361111114,20.447186606965108,128408556.92,71.0,4.0
605218,2025,0.0,1.0,9.790572391744904,14.285714285714285,13.427567510147703,15.188434086579404,2.8337,13.98003958735694,14.285714285714285,25.0,7.0,42.85714285714285,0.8780861165544495,58.5323,1.0,1.801396772727033,44.53281995834345,20.82164861780784,21.57833460653333,32.09,-3.96996,51.2,-123043758.57841,-0.0075613444055943,1.2715997119016418,9.83,29.31,28977.26171325052,0.0,1.157242250460406,13.71176733130371,121689992.37,18.0,2.0
605299,2025,0.0,1.0,4.310013711358622,44.44444444444444,13.384804561990316,14.976847223204349,71.161,14.434849721379496,11.11111111111111,14.285714285714285,9.0,33.33333333333333,0.7760508218459925,64.854,1.0,6.013499866486227,36.68122379058488,26.973417584438664,21.42910034805432,3.07,-4.238645,52.785714285714285,132456881.806664,0.0136880476190476,7.909681300518895,4.07,-0.36,40005.69792294066,0.0,0.9038035714285714,1.4755485136195612,43673742.07,17.0,2.0
605339,2025,0.0,1.0,0.0063754206029137,11.11111111111111,13.024382969044124,15.976532086636531,85.6498,14.518608069377388,22.22222222222222,35.714285714285715,9.0,33.33333333333333,10.787227781047678,1.699,1.0,2.4812270393456863,19.85367937978094,30.91287435144833,22.18341193416455,5.16,-3.716207,60.73333333333333,279306062.454556,-0.0043334246575342,6.3399943726687376,0.0,2.49,108359.2926788596,0.0,1.2083507361111114,4.840728325428091,103102296.93,27.0,9.0
605499,2025,0.0,1.0,55.71371104082235,44.44444444444444,14.429109353097752,16.808995307727784,25.2321,15.791520278414415,33.33333333333333,23.07692307692308,9.0,33.33333333333333,1.6855848140151104,49.7406,1.0,3.615300891006473,66.08096875732436,24.92712694362363,23.8445859926326,54.16,-4.266387,52.61904761904762,4688329190.973174,0.0743532765957446,24.728917283064263,49.74,40.63,302815.5671087847,0.0,0.7800762608695652,7.441606425141501,62671297.9,30.0,6.0
688045,2025,0.0,1.0,18.485365958706605,14.285714285714285,11.930413248305474,15.03246868684753,35.6508,13.934093273791222,14.285714285714285,7.6923076923076925,7.0,42.85714285714285,5.848474595932256,10.3448,1.0,0.8033270715712473,9.717390944767084,66.04225116190403,21.10148598644286,1.24,-3.48709,44.69230769230769,-49356493.65608,-0.0337747185185185,-5.45153617876811,18.49,18.98,-92729.87727735368,1.0,1.0434147799227795,0.6260332281320649,176190595.95,24.0,8.0
688082,2025,0.0,1.0,0.5428625207181683,45.45454545454545,13.825535143486238,15.58214023571986,94.0144,14.923776103660522,9.090909090909092,20.0,11.0,36.36363636363637,10.38782494241527,1.5195,1.0,1.8036584397202144,36.79625799310782,21.722397237870847,23.21881996584421,24.35,-3.888083,56.3,-624369261.441681,0.0642353074712643,22.67647637294622,0.12,44.48,576018.3462787212,0.0,1.1709310868263465,4.731391049226744,838475041.76,26.0,21.0
688093,2025,0.0,1.0,62.89766549351148,61.53846153846154,13.326493018874388,15.303594064986198,23.4966,14.362243720068683,15.384615384615383,23.809523809523807,13.0,38.46153846153847,7.302841947814525,24.068,1.0,6.183216276906191,7.981228187237291,14.634218730374354,21.47863622142224,2.06,-3.682613,42.85714285714285,204800515.506178,0.1000256555944056,40.530080816057215,37.68,52.93,520541.4832723577,0.0,1.157242250460406,9.84747281426866,50205399.84,15.0,7.0
688100,2025,0.0,1.0,6.961542644067463,66.66666666666666,12.617453554067644,14.776659926146657,69.1886,13.833448703095288,22.22222222222222,33.33333333333333,9.0,33.33333333333333,4.091058398633797,36.7149,1.0,3.788765806955747,32.39155893272247,36.87743717562812,22.32408520937351,16.43,-3.957798,49.66666666666666,254184782.233988,0.0959076555944056,25.47014197961476,1.16,23.35,734478.0566472642,0.0,1.157242250460406,1.812191907280338,240978542.9,33.0,3.0
688111,2025,0.0,1.0,17.560580269037345,55.55555555555556,12.433606545145675,14.40229672253281,83.1857,14.427339217346631,11.11111111111111,29.411764705882355,9.0,33.33333333333333,1.126423155427587,51.5404,1.0,1.6829789502245494,28.13014782081909,5.642823919877226,23.490395231402207,13.87,-3.625444,48.833333333333336,5888512233.285344,0.0952132814814814,33.873560944736404,0.47,12.4,318998.6634958566,0.0,1.0434147799227795,1.099685825438135,1695556855.45,37.0,4.0
688200,2025,0.0,1.0,0.4149443794608,50.0,15.38406814084333,16.490872264442952,68.6629,15.76743117931627,16.666666666666664,13.333333333333334,6.0,33.33333333333333,4.139066515920997,27.5077,1.0,0.9064629919410444,6.244607035636736,54.87408674598997,22.06039108160139,9.84,-4.153421,48.8,72716635.53154,0.0568403074712643,34.246451468224684,0.03,31.05,428095.96148717945,0.0,1.1709310868263465,0.8092279013611012,172368197.98,21.0,7.0
688368,2025,0.0,1.0,47.00359328022176,28.57142857142857,13.948390175729704,15.153034754714737,35.1912,14.418897131316596,14.285714285714285,40.0,7.0,42.85714285714285,6.985585592970264,24.3992,1.0,14.81952682047883,38.666509891563706,13.06094353656417,21.487543835018474,-9.51,-3.763304,48.8,142786779.770596,-0.0024297185185185,1.6090804454860423,24.4,15.38,-6489.915315024233,1.0,1.0434147799227795,0.7749346016119256,399696444.73,144.0,13.0
688433,2025,0.0,1.0,46.87229092476409,41.66666666666667,13.43646015602756,15.1005747506751,79.0705,14.104666543672057,16.666666666666664,30.0,12.0,33.33333333333333,140.69096934548472,0.2414,1.0,4.683610940638573,22.376283091415,34.550313364310306,21.641154314604712,7.87,-3.734149,48.35,118471681.122352,-0.0049986781115879,10.074506492031324,30.05,-18.82,88546.7053886693,0.0,1.3317051889400924,9.808757328004328,98890561.92,18.0,2.0
688486,2025,0.0,1.0,38.880227254623165,60.0,13.864586395610866,15.202279806307375,40.3218,14.519004030578364,0.0,25.0,5.0,40.0,7.83735356836246,7.2218,1.0,1.2298167688425974,4.696635634048032,23.95715436155186,21.13030293978982,1.06,-3.810236,51.9375,142503178.320624,0.0873142814814814,32.96489315528988,37.68,44.21,596741.3949586777,0.0,1.0434147799227795,1.914737033738832,99968595.3,12.0,13.0
688568,2025,0.0,1.0,0.0,0.0,12.750377004324758,14.325395739653208,71.4955,13.6780858820526,13.333333333333334,17.857142857142858,15.0,53.333333333333336,4.922178024404745,28.2568,1.0,6.0419340628158364,44.5543279578268,15.590144418221696,22.83823500965838,37.49,-3.869137,48.35714285714285,449029797.441961,0.0546302814814814,16.931579908159303,0.0,29.49,172925.05935547518,0.0,1.0434147799227795,5.516407024326431,654656557.38,110.0,3.0
688570,2025,0.0,0.0,7.573872278349144,25.0,13.564160414759884,15.093105502160824,83.2276,14.508957693533215,0.0,9.523809523809524,8.0,37.5,23.23067574137093,0.8228,1.0,1.7900338734764962,25.470082055932064,49.98571023888461,22.486141218821697,6.58,-4.077522,50.29166666666666,259227982.607781,0.0128099130434782,18.38680454347113,0.0,-15.66,551258.3212987013,0.0,1.5786130769230768,0.7833453556019403,154791322.93,26.0,9.0
688584,2025,0.0,0.0,0.174582211333052,40.0,13.348896732392207,14.246058446439902,87.4147,14.17778976862284,20.0,17.391304347826086,10.0,30.0,4.220321410057025,0.1929,1.0,3.297505719998913,9.410455250278885,28.53359888402313,22.2430624688146,24.44,-4.35709,52.130434782608695,-1122954068.115994,-0.0049463444055943,11.09066168846512,0.04,-17.76,121757.41314516128,0.0,1.157242250460406,7.1816923943116855,99927700.0,17.0,12.0
688586,2025,0.0,1.0,0.4545976139456019,12.5,12.005790763359226,13.287199619857263,69.9901,13.287199619857263,12.5,19.047619047619047,8.0,37.5,2.4974340595980795,41.0181,1.0,3.763280478575865,31.05116388190321,23.0436448574178,22.00952894429649,0.96,-3.831888,50.708333333333336,88123232.731924,0.003599493670886,11.542831076257391,0.12,4.1,96756.30146604938,0.0,1.2920994743589749,1.8385987646268205,160859523.66,18.0,4.0
688655,2025,0.0,1.0,40.70969283421149,40.0,13.463428226421223,14.917284509969962,15.9723,14.013869492455854,40.0,40.0,5.0,40.0,1.3266060408551754,38.6634,1.0,2.705510948616145,40.40415239553281,10.440695568906431,20.85564895919452,10.09,-3.817349,42.4,-60700179.139708,-0.0330973444055943,1.081718287810031,38.66,2.26,-1746.869247787611,1.0,1.157242250460406,12.374664170881031,32136697.4,20.0,10.0
688656,2025,0.0,1.0,3.442819899067325,42.85714285714285,13.770977984047484,15.32335861463674,80.2311,14.483852619605248,14.285714285714285,35.294117647058826,7.0,42.85714285714285,3.3814292324267368,29.6089,1.0,1.4826007831809245,21.365851030147883,11.776204756582343,20.75554376530281,8.8,-3.64375,48.94117647058823,43088007.750675,0.001572290102389,10.911801162462156,0.9,2.01,69572.39064272211,0.0,0.8489369783393497,15.043106398473649,46269000.0,50.0,10.0
